rank,word,old_japanese,new_japanese,reason
90,need,必要,必要とする；～する必要がある,verb sense clarity
142,interest,興味；関心,興味を持たせる；関心を引く,verb sense clarity
229,love,愛,愛する；大好きである,verb sense clarity
253,less,もっと少なく,より少ない,adjective sense clarity
274,line,線，並ぶ；線を引く；覆い隠す,線；細い線,noun sense clarity
412,sense,感覚,感じ取る；察知する,verb sense clarity
423,research,研究,研究する；調査する,verb sense clarity
427,near,近く；近くに,近い,adjective sense clarity
431,staff,職員，職員を配置する,職員；スタッフ,noun sense clarity
441,design,設計,設計する；デザインする,verb sense clarity
462,rise,上昇,上昇する；上がる,verb sense clarity
479,phone,電話,電話する,verb sense clarity
516,range,範囲，範囲に及ぶ；並べる,範囲；幅,noun sense clarity
522,accord,一致する,一致；合意,noun sense clarity
582,lie,嘘,嘘をつく,verb sense clarity
620,laugh,笑う，笑い,笑う,verb sense clarity
632,attack,攻撃,攻撃する,verb sense clarity
647,campaign,運動；キャンペーン,運動する；キャンペーンを行う,verb sense clarity
649,pause,一時停止,一時停止する；中断する,verb sense clarity
653,worry,心配,心配する,verb sense clarity
680,influence,影響を与える，影響,影響を与える；左右する,verb sense clarity
681,respect,尊敬,尊敬する,verb sense clarity
724,direct,直接,指示する；指揮する,verb sense clarity
732,race,競争，競争する,競争；レース,noun sense clarity
743,mark,印,印をつける；記号をつける,verb sense clarity
784,interview,面接；インタビュー,面接する；インタビューする,verb sense clarity
794,aim,目指す,狙い；照準,noun sense clarity
814,supply,供給,供給する,verb sense clarity
844,advance,前進,前進する；進む,verb sense clarity
874,doubt,疑問に思う,疑い；疑念,noun sense clarity
878,reference,参照,参照する；引用する,verb sense clarity
889,search,捜す，捜索,捜す；検索する,verb sense clarity
907,balance,残高,バランスを取る；釣り合わせる,verb sense correction
908,damage,損害，損害を与える,損害；被害,noun sense clarity
990,smile,ほほえむ，笑顔,ほほえむ；微笑む,verb sense clarity
1002,purchase,購入,購入する；買う,verb sense clarity
1003,shoot,シュート,シュートする,verb sense clarity
1032,correct,正しい，訂正する,正しい；正確な,adjective sense clarity
1044,stress,ストレス,ストレスを感じる；緊張する,verb sense clarity
1050,ride,乗る，乗車,乗る；乗車する,verb sense clarity
1079,flow,フロー,流れる,verb sense correction
1101,progress,進捗,進む；進展する,verb sense clarity
1110,transfer,転送,移す；転送する,verb sense clarity
1134,favor,親切，好む；賛成する,親切；好意,noun sense clarity
1160,labor,労働,働く；労働する,verb sense clarity
1187,crowd,群衆，群がる；押す,群衆；人混み,noun sense clarity
1190,shift,シフト,移る；変化する,verb sense clarity
1197,spread,広げる，広がり,広げる；広まる,verb sense clarity
1210,transport,輸送,輸送する；運ぶ,verb sense clarity
1230,smoke,喫煙,喫煙する；たばこを吸う,verb sense clarity
1240,schedule,スケジュール,予定を組む；日程を決める,verb sense clarity
1291,desire,欲望,望む；欲する,verb sense clarity
1310,delay,遅延,遅らせる,verb sense clarity
1327,host,主人，開催する,主催者；主人,noun sense clarity
1331,tire,疲れる；タイヤ,疲れる；疲れさせる,verb sense correction
1341,award,賞,授与する；賞を与える,verb sense clarity
1380,hate,嫌い,嫌う；大嫌いである,verb sense clarity
1388,recall,思い出す，想起,思い出す；想起する,verb sense clarity
1490,suspect,容疑者,疑う；～ではないかと思う,verb sense correction
1498,arrest,逮捕,逮捕する,verb sense clarity
1500,register,登記,登録する；記名する,verb sense clarity
1504,relevant,関連する,関連のある；関連した,adjective sense clarity
1523,secure,安全な,確保する；守る,verb sense correction
1528,label,ラベル，ラベルをつける；名前をつける,ラベル；札,noun sense clarity
1553,abuse,乱用,虐待する；乱用する,verb sense clarity
1565,wed,結婚した,結婚する,verb sense clarity
1604,lock,錠やロック,鍵をかける；ロックする,verb sense clarity
1618,cast,配役,投げる；放つ,verb sense correction
1642,witness,目撃者，目撃する,目撃者；証人,noun sense clarity
1661,peak,頂点に達する,頂点；最盛期,noun sense clarity
1708,protest,抗議,抗議する,verb sense clarity
1713,helpful,役立つ,役に立つ；有用な,adjective sense clarity
1719,joke,冗談,冗談を言う；ふざける,verb sense clarity
1760,remark,発言,発言する；述べる,verb sense clarity
1786,urge,衝動；促す，衝動,強く勧める；促す,verb sense correction
1794,online,主コンピューターと直結されている,オンラインの；インターネットに接続された,adjective sense update
1803,exhibition,～を展示する,展示会；展覧会,noun sense correction
1851,complicate,複雑な,複雑にする,verb sense correction
1897,slide,滑り台,滑る；滑らせる,verb sense correction
1910,chip,削り取る,かけら；小片,noun sense correction
1915,excuse,言い訳,言い訳する；弁解する,verb sense clarity
1924,install,インストール,インストールする；設置する,verb sense clarity
1945,comfort,慰める；楽にする,快適さ；安らぎ,noun sense correction
1996,exhibit,展示,展示する,verb sense clarity
1998,hunt,狩り,狩りをする；狩る,verb sense clarity
2068,crack,割れる，割れ目,ひびが入る；割れる,verb sense clarity
2105,sink,流し,沈む；沈める,verb sense correction
2116,sail,帆,航海する；船で進む,verb sense correction
2140,anger,"怒り, 憤り",怒らせる,verb sense correction
2148,stream,流れる,小川；流れ,noun sense correction
2183,trail,跡，引きずる；後を追う,小道；道；跡,noun sense clarity
2184,trap,わな，わなで捕える,わな；仕掛け,noun sense clarity
2198,breed,繁殖,繁殖させる,verb sense clarity
2207,pose,ポーズ；姿勢,ポーズを取らせる,verb sense clarity
2260,broadcast,放送,放送する,verb sense clarity
2265,bloody,血がついた，ひどく,血まみれの；血のついた,adjective sense clarity
2308,conventional,社会的慣習による,従来の；慣習的な,adjective sense clarity
2352,shower,シャワーを浴びる；浴びせる；たくさん与える,シャワー；シャワー浴,noun sense correction
2378,lecture,講演する，講演,講演；講義,noun sense clarity
2382,mess,混乱，散らかす；混乱させる,散らかった状態；混乱,noun sense clarity
2391,regret,後悔,後悔する,verb sense clarity
2462,contest,競争，争う,競争；コンテスト,noun sense clarity
2464,embarrass,恥ずかしい,恥ずかしい思いをさせる；困らせる,verb sense correction
2596,rear,育てる,後部の；後ろの,adjective sense correction
2683,hurry,急いで,急ぐ,verb sense clarity
2690,hook,フック，フックで吊るす,フック；鉤,noun sense clarity
2706,chase,追いかける，追跡,追いかける；追跡する,verb sense clarity
2715,substitute,代わり，代用する：置き換える,代用品；代役；代わり,noun sense clarity
2716,supplement,補足，補う,補足；補助物,noun sense clarity
2754,suspend,停職・定額,一時停止する；中断する,verb sense correction
2758,stain,染色,汚す；染みをつける,verb sense correction
2774,cough,咳,咳をする,verb sense clarity
