801,husband,noun,married man,夫,Your husband is a lucky man.
802,access,noun,an entrance to a place; a way in,アクセス,Yanni has access to that place.
803,movement,noun,part of a piece of music,楽章,Yanni is part of an artistic movement.
804,treat,verb,to act in a certain way toward someone,扱う,Don't treat anyone this way.
805,identify,verb,to indicate who or what someone or something is,確認する；同一視する,Who can identify them?
806,loss,noun,experience or state of failing to have or keep,失うこと,Job loss can lead to insanity.
807,shall,auxiliary verb,"expressing the future tense, to expect to happen",～だろう；～することになっている,Shall we see what happens next?
808,modern,adjective,of the present time; up to date; contemporary,現代の,She's a modern girl.
809,pressure,noun,force/weight when pressing against a thing,圧力,They exert pressure on them.
810,bus,noun,a large road vehicle used for carrying many people,バス,This bus can carry 30 people.
811,treatment,noun,way someone acts toward another,扱い；待遇；治療,Tom requires a special treatment.
812,conference,noun,an event where people exchange ideas,会議,We're having a conference.
813,yourself,pronoun,"reflexive form of 'you', used for an emphasis",あなた自身,Behave yourself while I'm gone.
814,supply,verb,to give or sell goods to others for their use,供給,We supply cupcakes to local restaurants.
815,village,noun,small town in the country,村,The world is a small village.
816,worth,noun,how much something is worth; the value of something,価値,How much is this coin worth?
817,natural,adjective,not made by humans; without human intervention,自然の,"Animals are pure, natural beings."
818,express,verb,to state or show what you think or how you feel,表現する,Let them express how they feel.
819,indicate,verb,"to show something, direct attention to, or point out",示す,Indicate the correct option.
820,attend,verb,to be present at an event,出席する,The event is free to attend.
821,brother,noun,a boy or man who shares a parent with you,兄弟；仲間,The swimming boy is my brother.
822,investment,noun,something purchased hoping its value will increase,投資,That investment has finally paid off.
823,score,verb,to get points in a sport such as kicking a ball into a goal,得点，得点する,I want to score more goals.
824,organize,verb,"to arrange and plan things (e.g., a party)",組織する；まとめる；計画する,I'm going to organize a party.
825,trip,noun,journey or visit to a place,旅行,Every trip is an adventure.
826,beyond,adverb,on or to the farther side; in addition to,～の向こうに；～を超えて；～のほかに,The village lies beyond the hill.
827,sleep,verb,"to rest your body in bed, as at night time",眠る,I sleep in a big bed.
828,fish,noun,animal that swims and lives in the sea,魚,The fish lives in the sea.
829,promise,verb,to say you will certainly do something,約束する,I promise to be loyal.
830,potential,adjective,capable of happening or becoming reality,潜在的な,He is a potential leader.
831,energy,noun,physical or mental strength,精力；エネルギー,She is full of energy.
832,trouble,verb / noun,state of difficulty or stress,悩み；困難；面倒；もめごと；病気；故障,I have trouble handling stress.
833,relation,noun,"manner in which people, groups, or countries behave toward one another",関係,The relation with my father-in-law is very good.
834,touch,verb,"to feel an object with your fingers, etc.",触る；接する,"Anyone wanting to play hide-and-seek, touch my finger."
835,file,verb,"to submit documents to an authority (e.g., city hall)",提出する,File a police report!
836,middle,noun,place that is halfway between two things,中間,He was caught in the middle.
837,bar,verb,"to prevent entry, exit, or an action",妨げる; (道を)ふさぐ,Don't bar me out.
838,suffer,verb,"to experience pain, illness, or injury",苦しむ,Illness is making me suffer.
839,strategy,noun,careful plan or method for achieving a goal,戦略,Victory is the goal of strategy.
840,deep,adjective,going far down from the surface,深い,You're going to the deep.
841,except,preposition,not including; other than,～を除く,Everyone agreed except one person.
842,clean,adjective,being free from dirt or marks because it was washed,清潔な,I washed my shirt clean.
843,tend,verb,to regularly behave in a certain way,傾向がある,Always tend your fires.
844,advance,verb,to move forward in a certain direction,前進,You must advance step by step.
845,fill,verb,to make something full,いっぱいにする,Please fill the bath half full.
846,star,noun,a bright planet of gas in the night sky,星,Planets move around a fixed star.
847,network,noun,system of connections,ネットワーク；網,Network connection lost. Trying to reconnect...
848,generally,adverb,"usually; as a rule; by, to, or for most people",一般に,People are generally good.
849,operation,noun,functioning; use,作用；操作；事業,The operation was carried out successfully.
850,match,noun,a sports competition between two people or teams,試合,Which team won the match?
851,avoid,verb,"to prevent from happening, or stay away from",避ける,Staying cautious helped me avoid Covid.
852,seat,noun,something on which a person can sit,座席,Sit properly on the toilet seat.
853,throw,verb,to use your arm to make a thing fly through the air,投げる,You make me want to throw up!
854,task,noun,big or small piece of work someone has to do,仕事,This is no small task.
855,normal,adjective,standard or regular way of doing something,標準の；正常な,This is a normal workflow.
856,goal,noun,something you try to do or achieve; an aim,目的；目標,What's a goal you're currently pursuing?
857,associate,noun,"partner in professional work (e.g., in law)",仲間、同僚,He was my business associate.
858,blue,adjective,color of the clear sky,青い,The sky is blue and clear.
859,positive,adjective,"good or useful in qualities, constructive, confident",ポジティブ,Positive feelings grant good health.
860,option,noun,possibility out of several that can be chosen; choice,選択；オプション,We need a third option.
861,box,noun,a container with (usually) four straight sides and a lid,箱；ボックス,This is a cardboard box.
862,huge,adjective,very very large,巨大,I think it's huge.
863,message,noun,piece of information that is told/given to someone,メッセージ；伝言,I conveyed the message to him.
864,instance,noun,an example of something; case,例；実例,"Take, for instance, your family problems."
865,style,noun,the particular way something is done or made,様式；スタイル,Half-done work is not his style.
866,refer,verb,to talk about or write about something,言及する；引用する；参照する,I refer to our telephone conversation of 12 April.
867,cold,adjective,having a very low temperature,冷たい；寒い,I feel very cold.
868,push,verb,to force something away from you,押す,Don't let them push you around.
869,quarter,noun,one of four equal parts of something,4分の1,It's a quarter after four.
870,assume,verb,"to believe, based on the evidence; suppose",仮定する；推測する,I assume that you're reasonable.
871,baby,noun,"very young child, who cannot yet speak",赤ん坊,The baby can't speak.
872,successful,adjective,having the desired effect or result,成功した,We want to be successful.
873,sing,verb,to make musical sounds with your voice,歌う,Let's sing and make music!
874,doubt,noun,not being sure of something; lack of certainty,疑問に思う,There is little room for doubt.
875,competition,noun,fighting against others when trying to win something,競争,Gustavo took part in a fighting competition.
876,theory,noun,idea or set of ideas that try to explain facts or events,理論,His theory is based on many facts.
877,propose,verb,to offer or put forward an idea for consideration,提案する,What do you propose instead?
878,reference,verb,to cite a piece of research in speech or in writing,参照,Please include a reference here.
879,argument,noun,a discussion in which you disagree with another's opinion,口論,The argument ended in a fight.
880,adult,noun,person or animal that is fully grown,大人，成人,Ziri is a full-fledged adult.
881,fly,verb,to travel through the air using wings,飛ぶ,Birds flap their wings to fly.
882,document,noun,official (printed) record that gives information,文書,It's a historical document.
883,pattern,noun,regular repeated behavior,模範；原型；模様；傾向；パターン,The pattern is repeating itself.
884,application,noun,"formal request for a job, building permission, etc.",申し込み,Tom is filling out a job application form.
885,hot,adjective,having a high temperature,熱い；暑い,Don't you feel hot?
886,obviously,adverb,in a way that is obvious/easy to see or understand,明らかに,There was obviously no other way.
887,unclear,adjective,not easy to understand; not obvious,不明瞭,It seems a little unclear.
888,bill,noun,piece of paper showing what you have to pay,請求書,Pay the bill at the counter.
889,search,verb,to carefully look for something,捜す，捜索,Search the whole building.
890,separate,verb,"to divide into parts, or to make something divide into parts",分ける,Separate all of the edge pieces.
891,central,adjective,being in the middle,中央の； 主要な,Adriano started to speedwalk down the central aisle.
892,career,noun,particular occupation in professional life,経歴,His life revolves round his career.
893,anyway,adverb,a word people use to change the topic of a conversation,とにかく；いずれにせよ,"Anyway, I think I've said enough."
894,speech,noun,expression of ideas or opinions,スピーチ,He made a speech that supported my opinions.
895,dog,noun,small 4-legged animal that barks kept as a pet,犬,The dog kept on barking.
896,officer,noun,person with an important position in an organization,役員,Antonio is a high-ranking officer.
897,throughout,preposition,"over or across an entire thing or place, or in every part of something",至る所に,He journeyed throughout the entire world.
898,oil,noun,"thick, black liquid in the ground used as fuel",油,Tom poured oil on the fire.
899,dress,noun,women's garment with a top part and a skirt,ドレス,The dress has a full skirt.
900,profit,verb,to earn money from something,利益を得る,Try to profit from every opportunity.